u,v,jaccard,adamic_adar
basioli-k,ybaturina,0.0,0.0
basioli-k,loislo,0.0,0.0
basioli-k,ZixuanJiang,0.0,0.0
basioli-k,pkanwar23,0.0,0.0
basioli-k,derdrdirk,0.0,0.0
basioli-k,GleasonK,0.0,0.0
basioli-k,Tai78641,0.0,0.0
basioli-k,hhb,0.0,0.0
basioli-k,akuegel,0.0,0.0
basioli-k,ethanluoyc,0.0,0.0
basioli-k,Becker-ZH,0.0,0.0
basioli-k,pifon2a,0.5,0.7213475204444817
basioli-k,sharadmv,0.0,0.0
basioli-k,vwbaker,0.0,0.0
basioli-k,jakeharmon8,0.0,0.0
basioli-k,mwhittaker,0.0,0.0
basioli-k,chsigg,1.0,1.631586747071319
basioli-k,belitskiy,0.0,0.0
basioli-k,EusebioDM,0.0,0.0
basioli-k,hugomano,0.0,0.0
basioli-k,alekstheod,0.0,0.0
basioli-k,thomasjoerg,0.0,0.0
basioli-k,jpienaar,0.0,0.0
basioli-k,yashk2810,0.0,0.0
basioli-k,ggawryal,0.0,0.0
basioli-k,bixia1,0.0,0.0
basioli-k,shawnwang18,0.0,0.0
basioli-k,Tixxx,0.0,0.0
basioli-k,pizzud,0.0,0.0
basioli-k,akhilgoe,0.0,0.0
basioli-k,majnemer,0.0,0.0
basioli-k,tensorflower-gardener,0.0,0.0
basioli-k,alexander-shaposhnikov,0.0,0.0
basioli-k,cantonios,0.0,0.0
basioli-k,mrguenther,0.0,0.0
basioli-k,mkuperst,0.0,0.0
basioli-k,mtsokol,0.0,0.0
basioli-k,protobird-git,0.0,0.0
basioli-k,beckerhe,0.0,0.0
basioli-k,deqiangc,0.0,0.0
basioli-k,mooskagh,0.0,0.0
basioli-k,ermilovmaxim,0.0,0.0
basioli-k,mraunak,0.0,0.0
basioli-k,zvikinoza,0.0,0.0
basioli-k,nvgrw,0.0,0.0
basioli-k,allanrenucci,0.0,0.0
basioli-k,ezhulenev,0.0,0.0
basioli-k,apivovarov,0.0,0.0
ybaturina,loislo,0.3333333333333333,0.7213475204444817
ybaturina,ZixuanJiang,0.0,0.0
ybaturina,pkanwar23,0.0,0.0
ybaturina,derdrdirk,0.0,0.0
ybaturina,GleasonK,0.0,0.0
ybaturina,Tai78641,0.0,0.0
ybaturina,hhb,0.0,0.0
ybaturina,ethanluoyc,0.0,0.0
ybaturina,Becker-ZH,0.0,0.0
ybaturina,pifon2a,0.0,0.0
ybaturina,sharadmv,0.0,0.0
ybaturina,vwbaker,0.0,0.0
ybaturina,jakeharmon8,0.0,0.0
ybaturina,mwhittaker,0.0,0.0
ybaturina,chsigg,0.0,0.0
ybaturina,belitskiy,0.0,0.0
ybaturina,WillFroom,0.0,0.0
ybaturina,EusebioDM,0.25,0.7213475204444817
ybaturina,hugomano,0.0,0.0
ybaturina,Moerafaat,0.0,0.0
ybaturina,alekstheod,0.0,0.0
ybaturina,thomasjoerg,0.0,0.0
ybaturina,jpienaar,0.0,0.0
ybaturina,yashk2810,0.0,0.0
ybaturina,ggawryal,0.0,0.0
ybaturina,bixia1,0.0,0.0
ybaturina,shawnwang18,0.0,0.0
ybaturina,Tixxx,0.0,0.0
ybaturina,pizzud,0.0,0.0
ybaturina,akhilgoe,0.0,0.0
ybaturina,majnemer,0.0,0.0
ybaturina,tensorflower-gardener,0.0,0.0
ybaturina,alexander-shaposhnikov,0.0,0.0
ybaturina,cantonios,0.0,0.0
ybaturina,mrguenther,0.0,0.0
ybaturina,mkuperst,0.0,0.0
ybaturina,mtsokol,0.0,0.0
ybaturina,protobird-git,0.0,0.0
ybaturina,beckerhe,0.16666666666666666,0.7213475204444817
ybaturina,deqiangc,0.0,0.0
ybaturina,mooskagh,0.0,0.0
ybaturina,ermilovmaxim,0.0,0.0
ybaturina,mraunak,0.0,0.0
ybaturina,zvikinoza,0.0,0.0
ybaturina,nvgrw,0.0,0.0
ybaturina,allanrenucci,0.0,0.0
ybaturina,ezhulenev,0.0,0.0
ybaturina,apivovarov,0.0,0.0
loislo,ZixuanJiang,0.0,0.0
loislo,pkanwar23,0.0,0.0
loislo,derdrdirk,0.0,0.0
loislo,GleasonK,0.0,0.0
loislo,Tai78641,0.0,0.0
loislo,hhb,0.0,0.0
loislo,ethanluoyc,0.0,0.0
loislo,Becker-ZH,0.0,0.0
loislo,pifon2a,0.0,0.0
loislo,sharadmv,0.0,0.0
loislo,vwbaker,0.0,0.0
loislo,jakeharmon8,0.0,0.0
loislo,mwhittaker,0.0,0.0
loislo,chsigg,0.0,0.0
loislo,belitskiy,0.0,0.0
loislo,WillFroom,0.0,0.0
loislo,EusebioDM,0.4,1.279458146995729
loislo,hugomano,0.0,0.0
loislo,Moerafaat,0.0,0.0
loislo,alekstheod,0.0,0.0
loislo,thomasjoerg,0.0,0.0
loislo,jpienaar,0.0,0.0
loislo,yashk2810,0.0,0.0
loislo,ggawryal,0.0,0.0
loislo,bixia1,0.0,0.0
loislo,shawnwang18,0.2,0.5581106265512472
loislo,Tixxx,0.0,0.0
loislo,pizzud,0.0,0.0
loislo,akhilgoe,0.0,0.0
loislo,majnemer,0.0,0.0
loislo,tensorflower-gardener,0.0,0.0
loislo,alexander-shaposhnikov,0.0,0.0
loislo,cantonios,0.0,0.0
loislo,mrguenther,0.0,0.0
loislo,mkuperst,0.0,0.0
loislo,mtsokol,0.0,0.0
loislo,protobird-git,0.0,0.0
loislo,deqiangc,0.0,0.0
loislo,mooskagh,0.0,0.0
loislo,ermilovmaxim,0.2,0.5581106265512472
loislo,mraunak,0.0,0.0
loislo,zvikinoza,0.0,0.0
loislo,nvgrw,0.0,0.0
loislo,allanrenucci,0.2,0.5581106265512472
loislo,ezhulenev,0.0,0.0
ZixuanJiang,pkanwar23,0.0,0.0
ZixuanJiang,derdrdirk,0.0,0.0
ZixuanJiang,GleasonK,0.0,0.0
ZixuanJiang,Tai78641,0.0,0.0
ZixuanJiang,hhb,0.0,0.0
ZixuanJiang,akuegel,0.0,0.0
ZixuanJiang,ethanluoyc,0.0,0.0
ZixuanJiang,Becker-ZH,0.0,0.0
ZixuanJiang,pifon2a,0.0,0.0
ZixuanJiang,sharadmv,0.0,0.0
ZixuanJiang,vwbaker,0.0,0.0
ZixuanJiang,jakeharmon8,0.0,0.0
ZixuanJiang,mwhittaker,0.0,0.0
ZixuanJiang,chsigg,0.0,0.0
ZixuanJiang,belitskiy,0.0,0.0
ZixuanJiang,WillFroom,0.0,0.0
ZixuanJiang,EusebioDM,0.0,0.0
ZixuanJiang,hugomano,0.0,0.0
ZixuanJiang,Moerafaat,0.0,0.0
ZixuanJiang,alekstheod,0.0,0.0
ZixuanJiang,thomasjoerg,0.0,0.0
ZixuanJiang,jpienaar,0.0,0.0
ZixuanJiang,yashk2810,0.0,0.0
ZixuanJiang,ggawryal,0.0,0.0
ZixuanJiang,bixia1,0.0,0.0
ZixuanJiang,shawnwang18,0.0,0.0
ZixuanJiang,Tixxx,0.0,0.0
ZixuanJiang,pizzud,0.0,0.0
ZixuanJiang,akhilgoe,0.0,0.0
ZixuanJiang,majnemer,0.0,0.0
ZixuanJiang,tensorflower-gardener,0.0,0.0
ZixuanJiang,alexander-shaposhnikov,0.0,0.0
ZixuanJiang,cantonios,0.0,0.0
ZixuanJiang,mrguenther,0.0,0.0
ZixuanJiang,mkuperst,0.0,0.0
ZixuanJiang,mtsokol,0.0,0.0
ZixuanJiang,protobird-git,0.0,0.0
ZixuanJiang,beckerhe,0.0,0.0
ZixuanJiang,deqiangc,0.0,0.0
ZixuanJiang,mooskagh,0.0,0.0
ZixuanJiang,ermilovmaxim,0.0,0.0
ZixuanJiang,mraunak,0.0,0.0
ZixuanJiang,zvikinoza,0.0,0.0
ZixuanJiang,nvgrw,0.0,0.0
ZixuanJiang,allanrenucci,0.0,0.0
ZixuanJiang,ezhulenev,0.0,0.0
ZixuanJiang,apivovarov,0.0,0.0
pkanwar23,derdrdirk,0.0,0.0
pkanwar23,GleasonK,0.0,0.0
pkanwar23,Tai78641,0.0,0.0
pkanwar23,hhb,0.0,0.0
pkanwar23,akuegel,0.0,0.0
pkanwar23,ethanluoyc,0.0,0.0
pkanwar23,Becker-ZH,0.0,0.0
pkanwar23,pifon2a,0.0,0.0
pkanwar23,sharadmv,0.0,0.0
pkanwar23,vwbaker,0.0,0.0
pkanwar23,jakeharmon8,0.0,0.0
pkanwar23,mwhittaker,0.3333333333333333,0.48089834696298783
pkanwar23,chsigg,0.0,0.0
pkanwar23,belitskiy,0.0,0.0
pkanwar23,WillFroom,0.0,0.0
pkanwar23,EusebioDM,0.5,1.391137573589825
pkanwar23,hugomano,0.0,0.0
pkanwar23,Moerafaat,0.0,0.0
pkanwar23,alekstheod,0.0,0.0
pkanwar23,thomasjoerg,0.0,0.0
pkanwar23,jpienaar,0.0,0.0
pkanwar23,yashk2810,0.0,0.0
pkanwar23,ggawryal,0.0,0.0
pkanwar23,bixia1,0.0,0.0
pkanwar23,shawnwang18,0.0,0.0
pkanwar23,Tixxx,0.3333333333333333,0.48089834696298783
pkanwar23,pizzud,0.0,0.0
pkanwar23,akhilgoe,0.0,0.0
pkanwar23,majnemer,0.3333333333333333,0.48089834696298783
pkanwar23,alexander-shaposhnikov,0.0,0.0
pkanwar23,cantonios,0.0,0.0
pkanwar23,mrguenther,0.0,0.0
pkanwar23,mkuperst,0.0,0.0
pkanwar23,mtsokol,0.0,0.0
pkanwar23,protobird-git,0.0,0.0
pkanwar23,beckerhe,0.0,0.0
pkanwar23,deqiangc,0.0,0.0
pkanwar23,mooskagh,0.5,0.48089834696298783
pkanwar23,ermilovmaxim,0.0,0.0
pkanwar23,mraunak,0.0,0.0
pkanwar23,zvikinoza,0.0,0.0
pkanwar23,allanrenucci,0.0,0.0
pkanwar23,ezhulenev,0.5,0.48089834696298783
pkanwar23,apivovarov,0.0,0.0
derdrdirk,GleasonK,0.0,0.0
derdrdirk,Tai78641,0.0,0.0
derdrdirk,hhb,0.0,0.0
derdrdirk,akuegel,0.0,0.0
derdrdirk,ethanluoyc,0.0,0.0
derdrdirk,Becker-ZH,0.0,0.0
derdrdirk,pifon2a,0.0,0.0
derdrdirk,sharadmv,0.0,0.0
derdrdirk,vwbaker,0.0,0.0
derdrdirk,jakeharmon8,0.0,0.0
derdrdirk,mwhittaker,0.0,0.0
derdrdirk,chsigg,0.0,0.0
derdrdirk,belitskiy,0.0,0.0
derdrdirk,WillFroom,0.0,0.0
derdrdirk,EusebioDM,0.0,0.0
derdrdirk,hugomano,0.0,0.0
derdrdirk,Moerafaat,0.0,0.0
derdrdirk,alekstheod,0.0,0.0
derdrdirk,thomasjoerg,0.0,0.0
derdrdirk,jpienaar,0.0,0.0
derdrdirk,yashk2810,0.0,0.0
derdrdirk,ggawryal,0.0,0.0
derdrdirk,bixia1,0.0,0.0
derdrdirk,shawnwang18,0.0,0.0
derdrdirk,Tixxx,0.0,0.0
derdrdirk,pizzud,0.0,0.0
derdrdirk,akhilgoe,0.0,0.0
derdrdirk,majnemer,0.0,0.0
derdrdirk,tensorflower-gardener,0.0,0.0
derdrdirk,alexander-shaposhnikov,0.0,0.0
derdrdirk,cantonios,0.0,0.0
derdrdirk,mrguenther,0.0,0.0
derdrdirk,mkuperst,0.0,0.0
derdrdirk,mtsokol,0.0,0.0
derdrdirk,protobird-git,0.0,0.0
derdrdirk,beckerhe,0.0,0.0
derdrdirk,deqiangc,0.0,0.0
derdrdirk,mooskagh,0.0,0.0
derdrdirk,ermilovmaxim,0.0,0.0
derdrdirk,mraunak,0.0,0.0
derdrdirk,zvikinoza,0.0,0.0
derdrdirk,nvgrw,0.0,0.0
derdrdirk,allanrenucci,0.0,0.0
derdrdirk,ezhulenev,0.0,0.0
derdrdirk,apivovarov,0.0,0.0
GleasonK,Tai78641,0.0,0.0
GleasonK,hhb,0.0,0.0
GleasonK,akuegel,0.0,0.0
GleasonK,ethanluoyc,0.0,0.0
GleasonK,Becker-ZH,0.0,0.0
GleasonK,pifon2a,0.0,0.0
GleasonK,sharadmv,0.0,0.0
GleasonK,vwbaker,0.0,0.0
GleasonK,jakeharmon8,0.0,0.0
GleasonK,mwhittaker,0.0,0.0
GleasonK,chsigg,0.0,0.0
GleasonK,belitskiy,0.0,0.0
GleasonK,WillFroom,0.0,0.0
GleasonK,EusebioDM,0.0,0.0
GleasonK,hugomano,0.0,0.0
GleasonK,Moerafaat,0.0,0.0
GleasonK,alekstheod,0.0,0.0
GleasonK,thomasjoerg,0.0,0.0
GleasonK,jpienaar,0.0,0.0
GleasonK,yashk2810,0.0,0.0
GleasonK,ggawryal,0.0,0.0
GleasonK,bixia1,0.0,0.0
GleasonK,shawnwang18,0.0,0.0
GleasonK,Tixxx,0.0,0.0
GleasonK,pizzud,0.0,0.0
GleasonK,akhilgoe,0.0,0.0
GleasonK,majnemer,0.0,0.0
GleasonK,tensorflower-gardener,0.0,0.0
GleasonK,alexander-shaposhnikov,0.0,0.0
GleasonK,cantonios,0.0,0.0
GleasonK,mkuperst,0.0,0.0
GleasonK,mtsokol,0.0,0.0
GleasonK,protobird-git,0.0,0.0
GleasonK,beckerhe,0.0,0.0
GleasonK,deqiangc,0.0,0.0
GleasonK,mooskagh,0.0,0.0
GleasonK,ermilovmaxim,0.0,0.0
GleasonK,mraunak,0.0,0.0
GleasonK,zvikinoza,0.0,0.0
GleasonK,nvgrw,0.0,0.0
GleasonK,allanrenucci,0.0,0.0
GleasonK,ezhulenev,0.0,0.0
GleasonK,apivovarov,0.0,0.0
Tai78641,hhb,0.0,0.0
Tai78641,akuegel,0.0,0.0
Tai78641,ethanluoyc,0.0,0.0
Tai78641,Becker-ZH,0.0,0.0
Tai78641,pifon2a,0.0,0.0
Tai78641,sharadmv,0.0,0.0
Tai78641,vwbaker,0.0,0.0
Tai78641,jakeharmon8,0.0,0.0
Tai78641,mwhittaker,0.0,0.0
Tai78641,chsigg,0.0,0.0
Tai78641,belitskiy,0.0,0.0
Tai78641,WillFroom,0.0,0.0
Tai78641,EusebioDM,0.0,0.0
Tai78641,hugomano,0.0,0.0
Tai78641,Moerafaat,0.0,0.0
Tai78641,alekstheod,0.0,0.0
Tai78641,thomasjoerg,0.0,0.0
Tai78641,jpienaar,0.0,0.0
Tai78641,yashk2810,0.0,0.0
Tai78641,ggawryal,0.0,0.0
Tai78641,bixia1,0.0,0.0
Tai78641,shawnwang18,0.0,0.0
Tai78641,Tixxx,0.0,0.0
Tai78641,pizzud,0.0,0.0
Tai78641,akhilgoe,0.0,0.0
Tai78641,majnemer,0.0,0.0
Tai78641,tensorflower-gardener,0.0,0.0
Tai78641,alexander-shaposhnikov,0.0,0.0
Tai78641,cantonios,0.0,0.0
Tai78641,mrguenther,0.0,0.0
Tai78641,mkuperst,0.0,0.0
Tai78641,mtsokol,0.0,0.0
Tai78641,protobird-git,0.0,0.0
Tai78641,beckerhe,0.0,0.0
Tai78641,deqiangc,0.0,0.0
Tai78641,mooskagh,0.0,0.0
Tai78641,ermilovmaxim,0.0,0.0
Tai78641,mraunak,0.0,0.0
Tai78641,zvikinoza,0.0,0.0
Tai78641,nvgrw,0.0,0.0
Tai78641,allanrenucci,0.0,0.0
Tai78641,ezhulenev,0.0,0.0
Tai78641,apivovarov,0.0,0.0
hhb,akuegel,0.0,0.0
hhb,ethanluoyc,0.0,0.0
hhb,Becker-ZH,0.0,0.0
hhb,pifon2a,0.0,0.0
hhb,sharadmv,0.0,0.0
hhb,vwbaker,0.0,0.0
hhb,jakeharmon8,0.0,0.0
hhb,mwhittaker,0.0,0.0
hhb,chsigg,0.0,0.0
hhb,belitskiy,0.0,0.0
hhb,WillFroom,0.0,0.0
hhb,EusebioDM,0.0,0.0
hhb,hugomano,0.0,0.0
hhb,Moerafaat,0.0,0.0
hhb,alekstheod,0.0,0.0
hhb,thomasjoerg,0.0,0.0
hhb,jpienaar,0.0,0.0
hhb,yashk2810,0.0,0.0
hhb,ggawryal,0.0,0.0
hhb,bixia1,0.0,0.0
hhb,shawnwang18,0.0,0.0
hhb,Tixxx,0.0,0.0
hhb,pizzud,0.0,0.0
hhb,akhilgoe,0.0,0.0
hhb,majnemer,0.0,0.0
hhb,tensorflower-gardener,0.0,0.0
hhb,alexander-shaposhnikov,0.0,0.0
hhb,cantonios,0.0,0.0
hhb,mrguenther,0.0,0.0
hhb,mkuperst,0.0,0.0
hhb,mtsokol,0.0,0.0
hhb,protobird-git,0.0,0.0
hhb,beckerhe,0.0,0.0
hhb,deqiangc,0.0,0.0
hhb,mooskagh,0.0,0.0
hhb,ermilovmaxim,0.0,0.0
hhb,mraunak,0.0,0.0
hhb,zvikinoza,0.0,0.0
hhb,nvgrw,0.0,0.0
hhb,allanrenucci,0.0,0.0
hhb,ezhulenev,0.0,0.0
hhb,apivovarov,0.0,0.0
akuegel,ethanluoyc,0.0,0.0
akuegel,Becker-ZH,0.0,0.0
akuegel,pifon2a,0.0,0.0
akuegel,sharadmv,0.0,0.0
akuegel,vwbaker,0.0,0.0
akuegel,jakeharmon8,0.0,0.0
akuegel,mwhittaker,0.0,0.0
akuegel,chsigg,0.0,0.0
akuegel,belitskiy,0.0,0.0
akuegel,WillFroom,0.0,0.0
akuegel,hugomano,0.0,0.0
akuegel,Moerafaat,0.0,0.0
akuegel,alekstheod,0.0,0.0
akuegel,thomasjoerg,0.0,0.0
akuegel,jpienaar,0.0,0.0
akuegel,yashk2810,0.0,0.0
akuegel,ggawryal,0.0,0.0
akuegel,bixia1,0.0,0.0
akuegel,shawnwang18,0.16666666666666666,0.5581106265512472
akuegel,Tixxx,0.0,0.0
akuegel,pizzud,0.0,0.0
akuegel,akhilgoe,0.0,0.0
akuegel,majnemer,0.0,0.0
akuegel,tensorflower-gardener,0.09090909090909091,0.7213475204444817
akuegel,alexander-shaposhnikov,0.0,0.0
akuegel,cantonios,0.0,0.0
akuegel,mrguenther,0.0,0.0
akuegel,mkuperst,0.0,0.0
akuegel,mtsokol,0.0,0.0
akuegel,protobird-git,0.0,0.0
akuegel,deqiangc,0.0,0.0
akuegel,mooskagh,0.0,0.0
akuegel,ermilovmaxim,0.16666666666666666,0.5581106265512472
akuegel,mraunak,0.0,0.0
akuegel,zvikinoza,0.0,0.0
akuegel,nvgrw,0.16666666666666666,0.7213475204444817
akuegel,allanrenucci,0.16666666666666666,0.5581106265512472
akuegel,ezhulenev,0.0,0.0
akuegel,apivovarov,0.25,0.9102392266268373
ethanluoyc,Becker-ZH,0.0,0.0
ethanluoyc,pifon2a,0.0,0.0
ethanluoyc,sharadmv,0.0,0.0
ethanluoyc,vwbaker,0.0,0.0
ethanluoyc,jakeharmon8,0.0,0.0
ethanluoyc,mwhittaker,0.0,0.0
ethanluoyc,chsigg,0.0,0.0
ethanluoyc,belitskiy,0.0,0.0
ethanluoyc,WillFroom,0.0,0.0
ethanluoyc,EusebioDM,0.0,0.0
ethanluoyc,hugomano,0.0,0.0
ethanluoyc,Moerafaat,0.0,0.0
ethanluoyc,alekstheod,0.0,0.0
ethanluoyc,thomasjoerg,0.0,0.0
ethanluoyc,jpienaar,0.0,0.0
ethanluoyc,yashk2810,0.0,0.0
ethanluoyc,ggawryal,0.0,0.0
ethanluoyc,bixia1,0.0,0.0
ethanluoyc,shawnwang18,0.0,0.0
ethanluoyc,Tixxx,0.0,0.0
ethanluoyc,akhilgoe,0.0,0.0
ethanluoyc,majnemer,0.0,0.0
ethanluoyc,tensorflower-gardener,0.0,0.0
ethanluoyc,alexander-shaposhnikov,0.0,0.0
ethanluoyc,cantonios,0.0,0.0
ethanluoyc,mrguenther,0.0,0.0
ethanluoyc,mkuperst,0.0,0.0
ethanluoyc,mtsokol,0.0,0.0
ethanluoyc,protobird-git,0.0,0.0
ethanluoyc,beckerhe,0.0,0.0
ethanluoyc,deqiangc,0.0,0.0
ethanluoyc,mooskagh,0.0,0.0
ethanluoyc,ermilovmaxim,0.0,0.0
ethanluoyc,mraunak,0.0,0.0
ethanluoyc,zvikinoza,0.0,0.0
ethanluoyc,nvgrw,0.0,0.0
ethanluoyc,allanrenucci,0.0,0.0
ethanluoyc,ezhulenev,0.0,0.0
ethanluoyc,apivovarov,0.0,0.0
Becker-ZH,pifon2a,0.0,0.0
Becker-ZH,sharadmv,0.0,0.0
Becker-ZH,vwbaker,0.0,0.0
Becker-ZH,jakeharmon8,0.0,0.0
Becker-ZH,mwhittaker,0.0,0.0
Becker-ZH,chsigg,0.0,0.0
Becker-ZH,belitskiy,0.0,0.0
Becker-ZH,WillFroom,0.0,0.0
Becker-ZH,EusebioDM,0.0,0.0
Becker-ZH,hugomano,0.0,0.0
Becker-ZH,Moerafaat,0.0,0.0
Becker-ZH,alekstheod,0.0,0.0
Becker-ZH,thomasjoerg,0.0,0.0
Becker-ZH,jpienaar,0.0,0.0
Becker-ZH,yashk2810,0.0,0.0
Becker-ZH,ggawryal,0.0,0.0
Becker-ZH,bixia1,0.0,0.0
Becker-ZH,shawnwang18,0.0,0.0
Becker-ZH,Tixxx,0.0,0.0
Becker-ZH,pizzud,0.0,0.0
Becker-ZH,akhilgoe,0.0,0.0
Becker-ZH,majnemer,0.0,0.0
Becker-ZH,tensorflower-gardener,0.0,0.0
Becker-ZH,alexander-shaposhnikov,0.0,0.0
Becker-ZH,cantonios,0.0,0.0
Becker-ZH,mrguenther,0.0,0.0
Becker-ZH,mkuperst,0.0,0.0
Becker-ZH,mtsokol,0.0,0.0
Becker-ZH,protobird-git,0.0,0.0
Becker-ZH,beckerhe,0.0,0.0
Becker-ZH,deqiangc,0.0,0.0
Becker-ZH,mooskagh,0.0,0.0
Becker-ZH,ermilovmaxim,0.0,0.0
Becker-ZH,mraunak,0.0,0.0
Becker-ZH,zvikinoza,0.0,0.0
Becker-ZH,nvgrw,0.0,0.0
Becker-ZH,allanrenucci,0.0,0.0
Becker-ZH,ezhulenev,0.0,0.0
Becker-ZH,apivovarov,0.0,0.0
pifon2a,sharadmv,0.0,0.0
pifon2a,vwbaker,0.0,0.0
pifon2a,jakeharmon8,0.0,0.0
pifon2a,mwhittaker,0.0,0.0
pifon2a,chsigg,0.5,0.7213475204444817
pifon2a,belitskiy,0.0,0.0
pifon2a,EusebioDM,0.0,0.0
pifon2a,hugomano,0.0,0.0
pifon2a,Moerafaat,0.3333333333333333,0.7213475204444817
pifon2a,alekstheod,0.0,0.0
pifon2a,thomasjoerg,0.0,0.0
pifon2a,jpienaar,0.0,0.0
pifon2a,yashk2810,0.0,0.0
pifon2a,ggawryal,0.0,0.0
pifon2a,bixia1,0.0,0.0
pifon2a,shawnwang18,0.0,0.0
pifon2a,Tixxx,0.0,0.0
pifon2a,pizzud,0.0,0.0
pifon2a,akhilgoe,0.0,0.0
pifon2a,majnemer,0.0,0.0
pifon2a,tensorflower-gardener,0.0,0.0
pifon2a,alexander-shaposhnikov,0.0,0.0
pifon2a,cantonios,0.0,0.0
pifon2a,mrguenther,0.0,0.0
pifon2a,mkuperst,0.0,0.0
pifon2a,mtsokol,0.0,0.0
pifon2a,protobird-git,0.0,0.0
pifon2a,beckerhe,0.0,0.0
pifon2a,deqiangc,0.0,0.0
pifon2a,mooskagh,0.0,0.0
pifon2a,ermilovmaxim,0.0,0.0
pifon2a,mraunak,0.0,0.0
pifon2a,zvikinoza,0.0,0.0
pifon2a,nvgrw,0.0,0.0
pifon2a,allanrenucci,0.0,0.0
pifon2a,ezhulenev,0.0,0.0
pifon2a,apivovarov,0.0,0.0
sharadmv,vwbaker,0.0,0.0
sharadmv,jakeharmon8,0.0,0.0
sharadmv,mwhittaker,0.0,0.0
sharadmv,chsigg,0.0,0.0
sharadmv,belitskiy,0.0,0.0
sharadmv,WillFroom,0.0,0.0
sharadmv,EusebioDM,0.0,0.0
sharadmv,hugomano,0.0,0.0
sharadmv,Moerafaat,0.0,0.0
sharadmv,alekstheod,0.0,0.0
sharadmv,thomasjoerg,0.0,0.0
sharadmv,jpienaar,0.0,0.0
sharadmv,yashk2810,0.0,0.0
sharadmv,ggawryal,0.0,0.0
sharadmv,bixia1,0.0,0.0
sharadmv,shawnwang18,0.0,0.0
sharadmv,Tixxx,0.0,0.0
sharadmv,pizzud,0.0,0.0
sharadmv,akhilgoe,0.0,0.0
sharadmv,majnemer,0.0,0.0
sharadmv,tensorflower-gardener,0.0,0.0
sharadmv,alexander-shaposhnikov,0.0,0.0
sharadmv,cantonios,0.0,0.0
sharadmv,mrguenther,0.0,0.0
sharadmv,mkuperst,0.0,0.0
sharadmv,mtsokol,0.0,0.0
sharadmv,protobird-git,0.0,0.0
sharadmv,beckerhe,0.0,0.0
sharadmv,deqiangc,0.0,0.0
sharadmv,mooskagh,0.0,0.0
sharadmv,ermilovmaxim,0.0,0.0
sharadmv,mraunak,0.0,0.0
sharadmv,zvikinoza,0.0,0.0
sharadmv,nvgrw,0.0,0.0
sharadmv,allanrenucci,0.0,0.0
sharadmv,ezhulenev,0.0,0.0
sharadmv,apivovarov,0.0,0.0
vwbaker,jakeharmon8,0.0,0.0
vwbaker,mwhittaker,0.0,0.0
vwbaker,chsigg,0.0,0.0
vwbaker,belitskiy,0.0,0.0
vwbaker,WillFroom,0.0,0.0
vwbaker,EusebioDM,0.0,0.0
vwbaker,hugomano,0.0,0.0
vwbaker,Moerafaat,0.0,0.0
vwbaker,alekstheod,0.0,0.0
vwbaker,thomasjoerg,0.0,0.0
vwbaker,jpienaar,0.0,0.0
vwbaker,yashk2810,0.0,0.0
vwbaker,ggawryal,0.0,0.0
vwbaker,bixia1,0.0,0.0
vwbaker,shawnwang18,0.0,0.0
vwbaker,Tixxx,0.0,0.0
vwbaker,pizzud,0.0,0.0
vwbaker,akhilgoe,0.0,0.0
vwbaker,majnemer,0.0,0.0
vwbaker,tensorflower-gardener,0.0,0.0
vwbaker,alexander-shaposhnikov,0.0,0.0
vwbaker,cantonios,0.0,0.0
vwbaker,mrguenther,0.0,0.0
vwbaker,mkuperst,0.0,0.0
vwbaker,mtsokol,0.0,0.0
vwbaker,protobird-git,0.0,0.0
vwbaker,beckerhe,0.0,0.0
vwbaker,deqiangc,0.0,0.0
vwbaker,mooskagh,0.0,0.0
vwbaker,ermilovmaxim,0.0,0.0
vwbaker,mraunak,0.0,0.0
vwbaker,zvikinoza,0.0,0.0
vwbaker,nvgrw,0.0,0.0
vwbaker,allanrenucci,0.0,0.0
vwbaker,ezhulenev,0.0,0.0
vwbaker,apivovarov,0.0,0.0
jakeharmon8,mwhittaker,0.0,0.0
jakeharmon8,chsigg,0.0,0.0
jakeharmon8,belitskiy,0.0,0.0
jakeharmon8,WillFroom,0.0,0.0
jakeharmon8,EusebioDM,0.0,0.0
jakeharmon8,hugomano,0.0,0.0
jakeharmon8,Moerafaat,0.0,0.0
jakeharmon8,alekstheod,0.0,0.0
jakeharmon8,thomasjoerg,0.0,0.0
jakeharmon8,jpienaar,0.0,0.0
jakeharmon8,yashk2810,0.0,0.0
jakeharmon8,ggawryal,0.0,0.0
jakeharmon8,bixia1,0.0,0.0
jakeharmon8,shawnwang18,0.0,0.0
jakeharmon8,Tixxx,0.0,0.0
jakeharmon8,pizzud,0.0,0.0
jakeharmon8,akhilgoe,0.0,0.0
jakeharmon8,majnemer,0.0,0.0
jakeharmon8,tensorflower-gardener,0.0,0.0
jakeharmon8,alexander-shaposhnikov,0.0,0.0
jakeharmon8,cantonios,0.0,0.0
jakeharmon8,mrguenther,0.0,0.0
jakeharmon8,mkuperst,0.0,0.0
jakeharmon8,mtsokol,0.0,0.0
jakeharmon8,protobird-git,0.0,0.0
jakeharmon8,beckerhe,0.0,0.0
jakeharmon8,deqiangc,0.0,0.0
jakeharmon8,mooskagh,0.0,0.0
jakeharmon8,ermilovmaxim,0.0,0.0
jakeharmon8,mraunak,0.0,0.0
jakeharmon8,zvikinoza,0.0,0.0
jakeharmon8,nvgrw,0.0,0.0
jakeharmon8,allanrenucci,0.0,0.0
jakeharmon8,ezhulenev,0.0,0.0
jakeharmon8,apivovarov,0.0,0.0
mwhittaker,chsigg,0.0,0.0
mwhittaker,belitskiy,0.0,0.0
mwhittaker,WillFroom,0.0,0.0
mwhittaker,EusebioDM,0.2,0.48089834696298783
mwhittaker,hugomano,0.0,0.0
mwhittaker,Moerafaat,0.0,0.0
mwhittaker,alekstheod,0.0,0.0
mwhittaker,thomasjoerg,0.0,0.0
mwhittaker,jpienaar,0.0,0.0
mwhittaker,yashk2810,0.0,0.0
mwhittaker,ggawryal,0.0,0.0
mwhittaker,bixia1,0.0,0.0
mwhittaker,shawnwang18,0.0,0.0
mwhittaker,pizzud,0.0,0.0
mwhittaker,akhilgoe,0.0,0.0
mwhittaker,majnemer,0.3333333333333333,0.48089834696298783
mwhittaker,alexander-shaposhnikov,0.0,0.0
mwhittaker,cantonios,0.0,0.0
mwhittaker,mrguenther,0.0,0.0
mwhittaker,mkuperst,0.0,0.0
mwhittaker,mtsokol,0.0,0.0
mwhittaker,protobird-git,0.0,0.0
mwhittaker,beckerhe,0.0,0.0
mwhittaker,deqiangc,0.0,0.0
mwhittaker,mooskagh,0.5,0.48089834696298783
mwhittaker,ermilovmaxim,0.0,0.0
mwhittaker,mraunak,0.0,0.0
mwhittaker,zvikinoza,0.0,0.0
mwhittaker,nvgrw,0.25,0.48089834696298783
mwhittaker,allanrenucci,0.0,0.0
mwhittaker,ezhulenev,0.5,0.48089834696298783
mwhittaker,apivovarov,0.0,0.0
chsigg,belitskiy,0.0,0.0
chsigg,EusebioDM,0.0,0.0
chsigg,hugomano,0.0,0.0
chsigg,alekstheod,0.0,0.0
chsigg,thomasjoerg,0.0,0.0
chsigg,jpienaar,0.0,0.0
chsigg,yashk2810,0.0,0.0
chsigg,ggawryal,0.0,0.0
chsigg,bixia1,0.0,0.0
chsigg,shawnwang18,0.0,0.0
chsigg,Tixxx,0.0,0.0
chsigg,pizzud,0.0,0.0
chsigg,akhilgoe,0.0,0.0
chsigg,majnemer,0.0,0.0
chsigg,tensorflower-gardener,0.0,0.0
chsigg,alexander-shaposhnikov,0.0,0.0
chsigg,cantonios,0.0,0.0
chsigg,mrguenther,0.0,0.0
chsigg,mkuperst,0.0,0.0
chsigg,mtsokol,0.0,0.0
chsigg,protobird-git,0.0,0.0
chsigg,beckerhe,0.0,0.0
chsigg,deqiangc,0.0,0.0
chsigg,mooskagh,0.0,0.0
chsigg,ermilovmaxim,0.0,0.0
chsigg,mraunak,0.0,0.0
chsigg,zvikinoza,0.0,0.0
chsigg,nvgrw,0.0,0.0
chsigg,allanrenucci,0.0,0.0
chsigg,ezhulenev,0.0,0.0
chsigg,apivovarov,0.0,0.0
belitskiy,WillFroom,0.0,0.0
belitskiy,EusebioDM,0.0,0.0
belitskiy,hugomano,0.0,0.0
belitskiy,Moerafaat,0.0,0.0
belitskiy,alekstheod,0.0,0.0
belitskiy,thomasjoerg,0.0,0.0
belitskiy,jpienaar,0.0,0.0
belitskiy,yashk2810,0.0,0.0
belitskiy,ggawryal,0.0,0.0
belitskiy,bixia1,0.0,0.0
belitskiy,shawnwang18,0.0,0.0
belitskiy,Tixxx,0.0,0.0
belitskiy,pizzud,0.0,0.0
belitskiy,akhilgoe,0.0,0.0
belitskiy,tensorflower-gardener,0.125,1.4426950408889634
belitskiy,alexander-shaposhnikov,0.0,0.0
belitskiy,cantonios,0.0,0.0
belitskiy,mrguenther,0.0,0.0
belitskiy,mkuperst,0.0,0.0
belitskiy,mtsokol,0.0,0.0
belitskiy,protobird-git,0.0,0.0
belitskiy,beckerhe,0.0,0.0
belitskiy,deqiangc,0.0,0.0
belitskiy,mooskagh,0.0,0.0
belitskiy,ermilovmaxim,0.0,0.0
belitskiy,mraunak,0.0,0.0
belitskiy,zvikinoza,0.0,0.0
belitskiy,nvgrw,0.0,0.0
belitskiy,allanrenucci,0.0,0.0
belitskiy,ezhulenev,0.0,0.0
belitskiy,apivovarov,0.0,0.0
WillFroom,EusebioDM,0.0,0.0
WillFroom,hugomano,0.0,0.0
WillFroom,alekstheod,0.0,0.0
WillFroom,thomasjoerg,0.0,0.0
WillFroom,jpienaar,0.0,0.0
WillFroom,yashk2810,0.0,0.0
WillFroom,ggawryal,0.0,0.0
WillFroom,bixia1,0.0,0.0
WillFroom,shawnwang18,0.0,0.0
WillFroom,Tixxx,0.0,0.0
WillFroom,pizzud,0.0,0.0
WillFroom,akhilgoe,0.0,0.0
WillFroom,majnemer,0.0,0.0
WillFroom,tensorflower-gardener,0.0,0.0
WillFroom,alexander-shaposhnikov,0.0,0.0
WillFroom,cantonios,0.0,0.0
WillFroom,mrguenther,0.0,0.0
WillFroom,mkuperst,0.0,0.0
WillFroom,mtsokol,0.0,0.0
WillFroom,protobird-git,0.0,0.0
WillFroom,beckerhe,0.0,0.0
WillFroom,deqiangc,0.0,0.0
WillFroom,mooskagh,0.0,0.0
WillFroom,ermilovmaxim,0.0,0.0
WillFroom,mraunak,0.0,0.0
WillFroom,zvikinoza,0.0,0.0
WillFroom,nvgrw,0.0,0.0
WillFroom,allanrenucci,0.0,0.0
WillFroom,ezhulenev,0.0,0.0
WillFroom,apivovarov,0.0,0.0
EusebioDM,hugomano,0.0,0.0
EusebioDM,Moerafaat,0.0,0.0
EusebioDM,alekstheod,0.0,0.0
EusebioDM,thomasjoerg,0.0,0.0
EusebioDM,jpienaar,0.0,0.0
EusebioDM,yashk2810,0.0,0.0
EusebioDM,ggawryal,0.0,0.0
EusebioDM,bixia1,0.0,0.0
EusebioDM,shawnwang18,0.16666666666666666,0.5581106265512472
EusebioDM,Tixxx,0.2,0.48089834696298783
EusebioDM,pizzud,0.0,0.0
EusebioDM,akhilgoe,0.0,0.0
EusebioDM,majnemer,0.2,0.48089834696298783
EusebioDM,alexander-shaposhnikov,0.0,0.0
EusebioDM,cantonios,0.0,0.0
EusebioDM,mrguenther,0.0,0.0
EusebioDM,mkuperst,0.0,0.0
EusebioDM,mtsokol,0.0,0.0
EusebioDM,protobird-git,0.0,0.0
EusebioDM,deqiangc,0.0,0.0
EusebioDM,mooskagh,0.25,0.48089834696298783
EusebioDM,ermilovmaxim,0.16666666666666666,0.5581106265512472
EusebioDM,mraunak,0.0,0.0
EusebioDM,zvikinoza,0.0,0.0
EusebioDM,allanrenucci,0.16666666666666666,0.5581106265512472
EusebioDM,ezhulenev,0.25,0.48089834696298783
EusebioDM,apivovarov,0.0,0.0
hugomano,Moerafaat,0.0,0.0
hugomano,alekstheod,0.0,0.0
hugomano,thomasjoerg,0.0,0.0
hugomano,jpienaar,0.0,0.0
hugomano,yashk2810,0.0,0.0
hugomano,ggawryal,0.0,0.0
hugomano,bixia1,0.0,0.0
hugomano,shawnwang18,0.0,0.0
hugomano,Tixxx,0.0,0.0
hugomano,pizzud,0.0,0.0
hugomano,akhilgoe,0.0,0.0
hugomano,majnemer,0.0,0.0
hugomano,tensorflower-gardener,0.0,0.0
hugomano,alexander-shaposhnikov,0.0,0.0
hugomano,cantonios,0.0,0.0
hugomano,mrguenther,0.0,0.0
hugomano,mkuperst,0.0,0.0
hugomano,mtsokol,0.0,0.0
hugomano,protobird-git,0.0,0.0
hugomano,beckerhe,0.0,0.0
hugomano,deqiangc,0.0,0.0
hugomano,mooskagh,0.0,0.0
hugomano,ermilovmaxim,0.0,0.0
hugomano,mraunak,0.0,0.0
hugomano,zvikinoza,0.0,0.0
hugomano,nvgrw,0.0,0.0
hugomano,allanrenucci,0.0,0.0
hugomano,ezhulenev,0.0,0.0
hugomano,apivovarov,0.0,0.0
Moerafaat,alekstheod,0.0,0.0
Moerafaat,thomasjoerg,0.0,0.0
Moerafaat,jpienaar,0.0,0.0
Moerafaat,yashk2810,0.0,0.0
Moerafaat,ggawryal,0.0,0.0
Moerafaat,bixia1,0.0,0.0
Moerafaat,shawnwang18,0.0,0.0
Moerafaat,Tixxx,0.0,0.0
Moerafaat,pizzud,0.0,0.0
Moerafaat,akhilgoe,0.0,0.0
Moerafaat,majnemer,0.0,0.0
Moerafaat,tensorflower-gardener,0.0,0.0
Moerafaat,alexander-shaposhnikov,0.0,0.0
Moerafaat,cantonios,0.0,0.0
Moerafaat,mrguenther,0.0,0.0
Moerafaat,mkuperst,0.0,0.0
Moerafaat,mtsokol,0.0,0.0
Moerafaat,protobird-git,0.0,0.0
Moerafaat,beckerhe,0.0,0.0
Moerafaat,deqiangc,0.0,0.0
Moerafaat,mooskagh,0.0,0.0
Moerafaat,ermilovmaxim,0.0,0.0
Moerafaat,mraunak,0.0,0.0
Moerafaat,zvikinoza,0.0,0.0
Moerafaat,nvgrw,0.0,0.0
Moerafaat,allanrenucci,0.0,0.0
Moerafaat,ezhulenev,0.0,0.0
Moerafaat,apivovarov,0.0,0.0
alekstheod,thomasjoerg,0.0,0.0
alekstheod,jpienaar,0.0,0.0
alekstheod,yashk2810,0.0,0.0
alekstheod,ggawryal,0.0,0.0
alekstheod,bixia1,0.0,0.0
alekstheod,shawnwang18,0.0,0.0
alekstheod,Tixxx,0.0,0.0
alekstheod,pizzud,0.0,0.0
alekstheod,akhilgoe,0.0,0.0
alekstheod,majnemer,0.0,0.0
alekstheod,tensorflower-gardener,0.0,0.0
alekstheod,alexander-shaposhnikov,0.0,0.0
alekstheod,cantonios,0.0,0.0
alekstheod,mrguenther,0.0,0.0
alekstheod,mkuperst,0.0,0.0
alekstheod,mtsokol,0.0,0.0
alekstheod,protobird-git,0.0,0.0
alekstheod,beckerhe,0.0,0.0
alekstheod,deqiangc,0.0,0.0
alekstheod,mooskagh,0.0,0.0
alekstheod,ermilovmaxim,0.0,0.0
alekstheod,mraunak,0.0,0.0
alekstheod,zvikinoza,0.0,0.0
alekstheod,nvgrw,0.0,0.0
alekstheod,allanrenucci,0.0,0.0
alekstheod,ezhulenev,0.0,0.0
alekstheod,apivovarov,0.0,0.0
thomasjoerg,jpienaar,0.0,0.0
thomasjoerg,yashk2810,0.0,0.0
thomasjoerg,ggawryal,0.0,0.0
thomasjoerg,bixia1,0.0,0.0
thomasjoerg,shawnwang18,0.0,0.0
thomasjoerg,Tixxx,0.0,0.0
thomasjoerg,pizzud,0.0,0.0
thomasjoerg,akhilgoe,0.0,0.0
thomasjoerg,majnemer,0.0,0.0
thomasjoerg,tensorflower-gardener,0.0,0.0
thomasjoerg,alexander-shaposhnikov,0.0,0.0
thomasjoerg,cantonios,0.0,0.0
thomasjoerg,mrguenther,0.0,0.0
thomasjoerg,mkuperst,0.0,0.0
thomasjoerg,mtsokol,0.0,0.0
thomasjoerg,protobird-git,0.0,0.0
thomasjoerg,beckerhe,0.0,0.0
thomasjoerg,deqiangc,0.0,0.0
thomasjoerg,mooskagh,0.0,0.0
thomasjoerg,ermilovmaxim,0.0,0.0
thomasjoerg,mraunak,0.0,0.0
thomasjoerg,zvikinoza,0.0,0.0
thomasjoerg,nvgrw,0.0,0.0
thomasjoerg,allanrenucci,0.0,0.0
thomasjoerg,ezhulenev,0.0,0.0
thomasjoerg,apivovarov,0.0,0.0
jpienaar,yashk2810,0.0,0.0
jpienaar,ggawryal,0.0,0.0
jpienaar,bixia1,0.0,0.0
jpienaar,shawnwang18,0.0,0.0
jpienaar,Tixxx,0.0,0.0
jpienaar,pizzud,0.0,0.0
jpienaar,akhilgoe,0.0,0.0
jpienaar,majnemer,0.0,0.0
jpienaar,tensorflower-gardener,0.0,0.0
jpienaar,alexander-shaposhnikov,0.0,0.0
jpienaar,cantonios,0.0,0.0
jpienaar,mrguenther,0.0,0.0
jpienaar,mkuperst,0.0,0.0
jpienaar,mtsokol,0.0,0.0
jpienaar,protobird-git,0.0,0.0
jpienaar,beckerhe,0.0,0.0
jpienaar,deqiangc,0.0,0.0
jpienaar,mooskagh,0.0,0.0
jpienaar,ermilovmaxim,0.0,0.0
jpienaar,mraunak,0.0,0.0
jpienaar,zvikinoza,0.0,0.0
jpienaar,nvgrw,0.0,0.0
jpienaar,allanrenucci,0.0,0.0
jpienaar,ezhulenev,0.0,0.0
jpienaar,apivovarov,0.0,0.0
yashk2810,ggawryal,0.0,0.0
yashk2810,bixia1,0.0,0.0
yashk2810,shawnwang18,0.0,0.0
yashk2810,Tixxx,0.0,0.0
yashk2810,pizzud,0.0,0.0
yashk2810,akhilgoe,0.0,0.0
yashk2810,majnemer,0.0,0.0
yashk2810,tensorflower-gardener,0.0,0.0
yashk2810,alexander-shaposhnikov,0.0,0.0
yashk2810,cantonios,0.0,0.0
yashk2810,mrguenther,0.0,0.0
yashk2810,mkuperst,0.0,0.0
yashk2810,mtsokol,0.0,0.0
yashk2810,protobird-git,0.0,0.0
yashk2810,beckerhe,0.0,0.0
yashk2810,deqiangc,0.0,0.0
yashk2810,mooskagh,0.0,0.0
yashk2810,ermilovmaxim,0.0,0.0
yashk2810,mraunak,0.0,0.0
yashk2810,zvikinoza,0.0,0.0
yashk2810,nvgrw,0.0,0.0
yashk2810,allanrenucci,0.0,0.0
yashk2810,ezhulenev,0.0,0.0
yashk2810,apivovarov,0.0,0.0
ggawryal,bixia1,0.0,0.0
ggawryal,shawnwang18,0.0,0.0
ggawryal,Tixxx,0.0,0.0
ggawryal,pizzud,0.0,0.0
ggawryal,akhilgoe,0.0,0.0
ggawryal,majnemer,0.0,0.0
ggawryal,tensorflower-gardener,0.0,0.0
ggawryal,alexander-shaposhnikov,0.0,0.0
ggawryal,cantonios,0.0,0.0
ggawryal,mrguenther,0.0,0.0
ggawryal,mkuperst,0.0,0.0
ggawryal,mtsokol,0.0,0.0
ggawryal,protobird-git,0.0,0.0
ggawryal,beckerhe,0.0,0.0
ggawryal,deqiangc,0.0,0.0
ggawryal,mooskagh,0.0,0.0
ggawryal,ermilovmaxim,0.0,0.0
ggawryal,mraunak,0.0,0.0
ggawryal,zvikinoza,0.0,0.0
ggawryal,nvgrw,0.0,0.0
ggawryal,allanrenucci,0.0,0.0
ggawryal,ezhulenev,0.0,0.0
ggawryal,apivovarov,0.0,0.0
bixia1,shawnwang18,0.0,0.0
bixia1,Tixxx,0.0,0.0
bixia1,pizzud,0.0,0.0
bixia1,akhilgoe,0.0,0.0
bixia1,majnemer,0.0,0.0
bixia1,tensorflower-gardener,0.0,0.0
bixia1,alexander-shaposhnikov,0.0,0.0
bixia1,cantonios,0.0,0.0
bixia1,mrguenther,0.0,0.0
bixia1,mkuperst,0.0,0.0
bixia1,mtsokol,0.0,0.0
bixia1,protobird-git,0.0,0.0
bixia1,beckerhe,0.0,0.0
bixia1,deqiangc,0.0,0.0
bixia1,mooskagh,0.0,0.0
bixia1,ermilovmaxim,0.0,0.0
bixia1,mraunak,0.0,0.0
bixia1,zvikinoza,0.0,0.0
bixia1,nvgrw,0.0,0.0
bixia1,allanrenucci,0.0,0.0
bixia1,ezhulenev,0.0,0.0
bixia1,apivovarov,0.0,0.0
shawnwang18,Tixxx,0.0,0.0
shawnwang18,pizzud,0.0,0.0
shawnwang18,akhilgoe,0.0,0.0
shawnwang18,majnemer,0.0,0.0
shawnwang18,tensorflower-gardener,0.0,0.0
shawnwang18,alexander-shaposhnikov,0.0,0.0
shawnwang18,cantonios,0.0,0.0
shawnwang18,mrguenther,0.0,0.0
shawnwang18,mkuperst,0.0,0.0
shawnwang18,mtsokol,0.0,0.0
shawnwang18,protobird-git,0.0,0.0
shawnwang18,deqiangc,0.0,0.0
shawnwang18,mooskagh,0.0,0.0
shawnwang18,mraunak,0.0,0.0
shawnwang18,zvikinoza,0.0,0.0
shawnwang18,nvgrw,0.0,0.0
shawnwang18,ezhulenev,0.0,0.0
shawnwang18,apivovarov,0.0,0.0
Tixxx,pizzud,0.0,0.0
Tixxx,akhilgoe,0.0,0.0
Tixxx,majnemer,0.3333333333333333,0.48089834696298783
Tixxx,alexander-shaposhnikov,0.0,0.0
Tixxx,cantonios,0.0,0.0
Tixxx,mrguenther,0.0,0.0
Tixxx,mkuperst,0.0,0.0
Tixxx,mtsokol,0.0,0.0
Tixxx,protobird-git,0.0,0.0
Tixxx,beckerhe,0.0,0.0
Tixxx,deqiangc,0.0,0.0
Tixxx,mooskagh,0.5,0.48089834696298783
Tixxx,ermilovmaxim,0.0,0.0
Tixxx,mraunak,0.0,0.0
Tixxx,zvikinoza,0.0,0.0
Tixxx,nvgrw,0.25,0.48089834696298783
Tixxx,allanrenucci,0.0,0.0
Tixxx,ezhulenev,0.5,0.48089834696298783
Tixxx,apivovarov,0.0,0.0
pizzud,akhilgoe,0.0,0.0
pizzud,majnemer,0.0,0.0
pizzud,tensorflower-gardener,0.0,0.0
pizzud,alexander-shaposhnikov,0.0,0.0
pizzud,cantonios,0.0,0.0
pizzud,mrguenther,0.0,0.0
pizzud,mkuperst,0.0,0.0
pizzud,mtsokol,0.0,0.0
pizzud,protobird-git,0.0,0.0
pizzud,beckerhe,0.0,0.0
pizzud,deqiangc,0.0,0.0
pizzud,mooskagh,0.0,0.0
pizzud,ermilovmaxim,0.0,0.0
pizzud,mraunak,0.0,0.0
pizzud,zvikinoza,0.0,0.0
pizzud,nvgrw,0.0,0.0
pizzud,allanrenucci,0.0,0.0
pizzud,ezhulenev,0.0,0.0
pizzud,apivovarov,0.0,0.0
akhilgoe,majnemer,0.0,0.0
akhilgoe,tensorflower-gardener,0.0,0.0
akhilgoe,cantonios,0.0,0.0
akhilgoe,mrguenther,0.0,0.0
akhilgoe,mkuperst,0.0,0.0
akhilgoe,mtsokol,0.0,0.0
akhilgoe,protobird-git,0.0,0.0
akhilgoe,beckerhe,0.0,0.0
akhilgoe,deqiangc,0.0,0.0
akhilgoe,mooskagh,0.0,0.0
akhilgoe,ermilovmaxim,0.0,0.0
akhilgoe,mraunak,0.0,0.0
akhilgoe,zvikinoza,0.0,0.0
akhilgoe,nvgrw,0.0,0.0
akhilgoe,allanrenucci,0.0,0.0
akhilgoe,ezhulenev,0.0,0.0
akhilgoe,apivovarov,0.0,0.0
majnemer,alexander-shaposhnikov,0.0,0.0
majnemer,cantonios,0.0,0.0
majnemer,mrguenther,0.0,0.0
majnemer,mkuperst,0.0,0.0
majnemer,mtsokol,0.0,0.0
majnemer,protobird-git,0.0,0.0
majnemer,beckerhe,0.0,0.0
majnemer,deqiangc,0.0,0.0
majnemer,mooskagh,0.5,0.48089834696298783
majnemer,ermilovmaxim,0.0,0.0
majnemer,mraunak,0.0,0.0
majnemer,zvikinoza,0.0,0.0
majnemer,nvgrw,0.25,0.48089834696298783
majnemer,allanrenucci,0.0,0.0
majnemer,ezhulenev,0.5,0.48089834696298783
majnemer,apivovarov,0.0,0.0
tensorflower-gardener,alexander-shaposhnikov,0.0,0.0
tensorflower-gardener,cantonios,0.0,0.0
tensorflower-gardener,mrguenther,0.0,0.0
tensorflower-gardener,mkuperst,0.0,0.0
tensorflower-gardener,mtsokol,0.0,0.0
tensorflower-gardener,protobird-git,0.0,0.0
tensorflower-gardener,beckerhe,0.07692307692307693,0.7213475204444817
tensorflower-gardener,deqiangc,0.0,0.0
tensorflower-gardener,ermilovmaxim,0.0,0.0
tensorflower-gardener,mraunak,0.0,0.0
tensorflower-gardener,zvikinoza,0.0,0.0
tensorflower-gardener,allanrenucci,0.0,0.0
tensorflower-gardener,apivovarov,0.0,0.0
alexander-shaposhnikov,cantonios,0.0,0.0
alexander-shaposhnikov,mrguenther,0.0,0.0
alexander-shaposhnikov,mkuperst,0.0,0.0
alexander-shaposhnikov,mtsokol,0.0,0.0
alexander-shaposhnikov,protobird-git,0.0,0.0
alexander-shaposhnikov,beckerhe,0.0,0.0
alexander-shaposhnikov,deqiangc,0.0,0.0
alexander-shaposhnikov,mooskagh,0.0,0.0
alexander-shaposhnikov,ermilovmaxim,0.0,0.0
alexander-shaposhnikov,mraunak,0.0,0.0
alexander-shaposhnikov,zvikinoza,0.0,0.0
alexander-shaposhnikov,nvgrw,0.0,0.0
alexander-shaposhnikov,allanrenucci,0.0,0.0
alexander-shaposhnikov,ezhulenev,0.0,0.0
alexander-shaposhnikov,apivovarov,0.0,0.0
cantonios,mrguenther,0.0,0.0
cantonios,mkuperst,0.0,0.0
cantonios,mtsokol,0.0,0.0
cantonios,protobird-git,0.0,0.0
cantonios,beckerhe,0.0,0.0
cantonios,deqiangc,0.0,0.0
cantonios,mooskagh,0.0,0.0
cantonios,ermilovmaxim,0.0,0.0
cantonios,mraunak,0.0,0.0
cantonios,zvikinoza,0.0,0.0
cantonios,nvgrw,0.0,0.0
cantonios,allanrenucci,0.0,0.0
cantonios,ezhulenev,0.0,0.0
cantonios,apivovarov,0.0,0.0
mrguenther,mkuperst,0.0,0.0
mrguenther,mtsokol,0.0,0.0
mrguenther,protobird-git,0.0,0.0
mrguenther,beckerhe,0.0,0.0
mrguenther,deqiangc,0.0,0.0
mrguenther,mooskagh,0.0,0.0
mrguenther,ermilovmaxim,0.0,0.0
mrguenther,mraunak,0.0,0.0
mrguenther,zvikinoza,0.0,0.0
mrguenther,nvgrw,0.0,0.0
mrguenther,allanrenucci,0.0,0.0
mrguenther,ezhulenev,0.0,0.0
mrguenther,apivovarov,0.0,0.0
mkuperst,mtsokol,0.0,0.0
mkuperst,protobird-git,0.0,0.0
mkuperst,beckerhe,0.0,0.0
mkuperst,deqiangc,0.0,0.0
mkuperst,mooskagh,0.0,0.0
mkuperst,ermilovmaxim,0.0,0.0
mkuperst,mraunak,0.0,0.0
mkuperst,zvikinoza,0.0,0.0
mkuperst,nvgrw,0.0,0.0
mkuperst,allanrenucci,0.0,0.0
mkuperst,ezhulenev,0.0,0.0
mkuperst,apivovarov,0.0,0.0
mtsokol,protobird-git,0.0,0.0
mtsokol,beckerhe,0.0,0.0
mtsokol,deqiangc,0.0,0.0
mtsokol,mooskagh,0.0,0.0
mtsokol,ermilovmaxim,0.0,0.0
mtsokol,mraunak,0.0,0.0
mtsokol,zvikinoza,0.0,0.0
mtsokol,nvgrw,0.0,0.0
mtsokol,allanrenucci,0.0,0.0
mtsokol,ezhulenev,0.0,0.0
mtsokol,apivovarov,0.0,0.0
protobird-git,beckerhe,0.0,0.0
protobird-git,deqiangc,0.0,0.0
protobird-git,mooskagh,0.0,0.0
protobird-git,ermilovmaxim,0.0,0.0
protobird-git,mraunak,0.0,0.0
protobird-git,zvikinoza,0.0,0.0
protobird-git,nvgrw,0.0,0.0
protobird-git,allanrenucci,0.0,0.0
protobird-git,ezhulenev,0.0,0.0
protobird-git,apivovarov,0.0,0.0
beckerhe,deqiangc,0.0,0.0
beckerhe,mooskagh,0.0,0.0
beckerhe,mraunak,0.0,0.0
beckerhe,zvikinoza,0.0,0.0
beckerhe,nvgrw,0.125,0.7213475204444817
beckerhe,ezhulenev,0.0,0.0
beckerhe,apivovarov,0.16666666666666666,0.9102392266268373
deqiangc,mooskagh,0.0,0.0
deqiangc,ermilovmaxim,0.0,0.0
deqiangc,mraunak,0.0,0.0
deqiangc,zvikinoza,0.0,0.0
deqiangc,nvgrw,0.0,0.0
deqiangc,allanrenucci,0.0,0.0
deqiangc,ezhulenev,0.0,0.0
deqiangc,apivovarov,0.0,0.0
mooskagh,ermilovmaxim,0.0,0.0
mooskagh,mraunak,0.0,0.0
mooskagh,zvikinoza,0.0,0.0
mooskagh,nvgrw,0.3333333333333333,0.48089834696298783
mooskagh,allanrenucci,0.0,0.0
mooskagh,ezhulenev,1.0,0.48089834696298783
mooskagh,apivovarov,0.0,0.0
ermilovmaxim,mraunak,0.0,0.0
ermilovmaxim,zvikinoza,0.0,0.0
ermilovmaxim,nvgrw,0.0,0.0
ermilovmaxim,ezhulenev,0.0,0.0
ermilovmaxim,apivovarov,0.0,0.0
mraunak,zvikinoza,0.0,0.0
mraunak,nvgrw,0.0,0.0
mraunak,allanrenucci,0.0,0.0
mraunak,ezhulenev,0.0,0.0
mraunak,apivovarov,0.0,0.0
zvikinoza,nvgrw,0.0,0.0
zvikinoza,allanrenucci,0.0,0.0
zvikinoza,ezhulenev,0.0,0.0
zvikinoza,apivovarov,0.0,0.0
nvgrw,allanrenucci,0.0,0.0
nvgrw,ezhulenev,0.3333333333333333,0.48089834696298783
nvgrw,apivovarov,0.0,0.0
allanrenucci,ezhulenev,0.0,0.0
allanrenucci,apivovarov,0.0,0.0
ezhulenev,apivovarov,0.0,0.0
